{
  "turbidity": {
    "sensor": "turbidity",
    "n_samples": 1618,
    "z_score_anomalies": 46,
    "contamination_ratio": 0.02843016069221261,
    "best_model": "Local_Outlier_Factor",
    "models": {
      "Isolation_Forest": {
        "metrics": {
          "precision": 0.06521739130434782,
          "recall": 0.06521739130434782,
          "f1": 0.06521739130434782
        },
        "n_anomalies": 46,
        "anomaly_scores_sample": [
          0.28427201757761483,
          0.28427201757761483,
          0.2621799006775027,
          0.24970312247515541,
          0.23060754150196344,
          0.12707427066999388,
          0.17214469971598062,
          0.21937954987930297,
          0.25465147939724964,
          0.283152451871479,
          0.29801451054719885,
          0.2988694396122501,
          0.2993534513542905,
          0.29198616729628013,
          0.28975355183266216,
          0.3013295868936055,
          0.2789362028212267,
          0.2796583790391147,
          0.21105666138779877,
          -0.1334414273591974
        ]
      },
      "Local_Outlier_Factor": {
        "metrics": {
          "precision": 0.2391304347826087,
          "recall": 0.2391304347826087,
          "f1": 0.2391304347826087
        },
        "n_anomalies": 46
      },
      "OneClass_SVM": {
        "metrics": {
          "precision": 0.11764705882352941,
          "recall": 0.13043478260869565,
          "f1": 0.12371134020618557
        },
        "n_anomalies": 51
      },
      "DBSCAN": {
        "metrics": {
          "precision": 0.09859154929577464,
          "recall": 0.15217391304347827,
          "f1": 0.11965811965811966
        },
        "n_anomalies": 71,
        "n_clusters_found": 2
      }
    }
  },
  "ph": {
    "sensor": "ph",
    "n_samples": 1619,
    "z_score_anomalies": 14,
    "contamination_ratio": 0.01,
    "best_model": "DBSCAN",
    "models": {
      "Isolation_Forest": {
        "metrics": {
          "precision": 0.058823529411764705,
          "recall": 0.07142857142857142,
          "f1": 0.06451612903225806
        },
        "n_anomalies": 17,
        "anomaly_scores_sample": [
          0.24320023018935327,
          0.2773937106191813,
          0.2743739405806143,
          0.2319819091614133,
          0.16390261860102429,
          0.06246914357278632,
          0.1358311539742686,
          0.18967749138848328,
          0.19746672126208514,
          0.253496098506043,
          0.2541382775407437,
          0.2402798252032221,
          0.23028798775716952,
          0.24247472747505444,
          0.23617632506236774,
          0.2535863261257114,
          0.22786621827058307,
          0.23708452907564453,
          0.01361865422134323,
          -0.05679392845557929
        ]
      },
      "Local_Outlier_Factor": {
        "metrics": {
          "precision": 0.058823529411764705,
          "recall": 0.07142857142857142,
          "f1": 0.06451612903225806
        },
        "n_anomalies": 17
      },
      "OneClass_SVM": {
        "metrics": {
          "precision": 0.05263157894736842,
          "recall": 0.14285714285714285,
          "f1": 0.07692307692307693
        },
        "n_anomalies": 38
      },
      "DBSCAN": {
        "metrics": {
          "precision": 0.06,
          "recall": 0.21428571428571427,
          "f1": 0.09375
        },
        "n_anomalies": 50,
        "n_clusters_found": 1
      }
    }
  },
  "temperature": {
    "sensor": "temperature",
    "n_samples": 1618,
    "z_score_anomalies": 4,
    "contamination_ratio": 0.01,
    "best_model": "DBSCAN",
    "models": {
      "Isolation_Forest": {
        "metrics": {
          "precision": 0.23529411764705882,
          "recall": 1.0,
          "f1": 0.38095238095238093
        },
        "n_anomalies": 17,
        "anomaly_scores_sample": [
          0.2842789261391726,
          0.187009972442305,
          0.18648810100608515,
          0.20343975873758613,
          0.19356901915242142,
          0.22048629488903282,
          0.026027308723814313,
          0.07181198289705337,
          0.12989489594813153,
          0.15312182120170093,
          0.30834040071916125,
          0.327389066359718,
          0.2721387754426741,
          0.2931023136390676,
          0.3188636459319572,
          0.22218090450567807,
          0.24198959913924156,
          0.2737944988075477,
          -0.11058002709938375,
          -0.07574548542262349
        ]
      },
      "Local_Outlier_Factor": {
        "metrics": {
          "precision": 0.0,
          "recall": 0.0,
          "f1": 0.0
        },
        "n_anomalies": 7
      },
      "OneClass_SVM": {
        "metrics": {
          "precision": 0.23076923076923078,
          "recall": 0.75,
          "f1": 0.35294117647058826
        },
        "n_anomalies": 13
      },
      "DBSCAN": {
        "metrics": {
          "precision": 0.26666666666666666,
          "recall": 1.0,
          "f1": 0.42105263157894735
        },
        "n_anomalies": 15,
        "n_clusters_found": 1
      }
    }
  },
  "tds": {
    "sensor": "tds",
    "n_samples": 1619,
    "z_score_anomalies": 0,
    "contamination_ratio": 0.01,
    "best_model": "Isolation_Forest",
    "models": {
      "Isolation_Forest": {
        "metrics": {
          "precision": 0.0,
          "recall": 0.0,
          "f1": 0.0
        },
        "n_anomalies": 17,
        "anomaly_scores_sample": [
          0.28652430710111143,
          0.28652430710111143,
          -0.08878772101683541,
          -0.06543712872708918,
          -0.09056619491405205,
          -0.06671324752619168,
          -0.023755685561965834,
          0.009843353288681245,
          0.21819370857211773,
          0.21948348996054862,
          0.21948348996054862,
          0.21948348996054862,
          0.23615507277348058,
          0.28652430710111143,
          0.28652430710111143,
          0.28652430710111143,
          0.28652430710111143,
          0.28652430710111143,
          0.28652430710111143,
          0.28652430710111143
        ]
      },
      "Local_Outlier_Factor": {
        "metrics": {
          "precision": 0.0,
          "recall": 0.0,
          "f1": 0.0
        },
        "n_anomalies": 16
      },
      "OneClass_SVM": {
        "metrics": {
          "precision": 0.0,
          "recall": 0.0,
          "f1": 0.0
        },
        "n_anomalies": 21
      },
      "DBSCAN": {
        "metrics": {
          "precision": 0.0,
          "recall": 0.0,
          "f1": 0.0
        },
        "n_anomalies": 31,
        "n_clusters_found": 1
      }
    }
  },
  "light": {
    "sensor": "light",
    "n_samples": 1619,
    "z_score_anomalies": 0,
    "contamination_ratio": 0.01,
    "best_model": "Isolation_Forest",
    "models": {
      "Isolation_Forest": {
        "metrics": {
          "precision": 1.0,
          "recall": 1.0,
          "f1": 1.0
        },
        "n_anomalies": 0,
        "anomaly_scores_sample": [
          0.0,
          0.0,
          0.0,
          0.0,
          0.0,
          0.0,
          0.0,
          0.0,
          0.0,
          0.0,
          0.0,
          0.0,
          0.0,
          0.0,
          0.0,
          0.0,
          0.0,
          0.0,
          0.0,
          0.0
        ]
      },
      "Local_Outlier_Factor": {
        "metrics": {
          "precision": 1.0,
          "recall": 1.0,
          "f1": 1.0
        },
        "n_anomalies": 0
      },
      "OneClass_SVM": {
        "metrics": {
          "precision": 0.0,
          "recall": 0.0,
          "f1": 0.0
        },
        "n_anomalies": 1619
      },
      "DBSCAN": {
        "metrics": {
          "precision": 1.0,
          "recall": 1.0,
          "f1": 1.0
        },
        "n_anomalies": 0,
        "n_clusters_found": 1
      }
    }
  },
  "axis": {
    "sensor": "axis",
    "n_samples": 1619,
    "z_score_anomalies": 22,
    "contamination_ratio": 0.013588634959851761,