{
  "turbidity": {
    "sensor": "turbidity",
    "n_samples": 14964,
    "z_score_anomalies": 890,
    "contamination_ratio": 0.059476075915530606,
    "best_model": "OneClass_SVM",
    "models": {
      "Isolation_Forest": {
        "metrics": {
          "precision": 0.2539325842696629,
          "recall": 0.2539325842696629,
          "f1": 0.2539325842696629
        },
        "n_anomalies": 890,
        "anomaly_scores_sample": [
          0.1949659881170404,
          0.1949659881170404,
          0.17383925261160477,
          0.1329759369968515,
          0.10963926319813377,
          -0.0954563792847225,
          -0.013982678635000023,
          0.030926757460656096,
          0.10365653066296249,
          0.14392989102874365,
          0.1780691522686106,
          0.2045759593110964,
          0.19788341059778075,
          0.18950922615883553,
          0.19929607697362584,
          0.20337142478354286,
          0.17683745713009685,
          0.1828261544718217,
          0.08565855148193974,
          -0.2670794754978083
        ]
      },
      "Local_Outlier_Factor": {
        "metrics": {
          "precision": 0.17865168539325843,
          "recall": 0.17865168539325843,
          "f1": 0.17865168539325843
        },
        "n_anomalies": 890
      },
      "OneClass_SVM": {
        "metrics": {
          "precision": 0.3808988764044944,
          "recall": 0.3808988764044944,
          "f1": 0.3808988764044944
        },
        "n_anomalies": 890
      },
      "DBSCAN": {
        "metrics": {
          "precision": 0.47183098591549294,
          "recall": 0.07528089887640449,
          "f1": 0.1298449612403101
        },
        "n_anomalies": 142,
        "n_clusters_found": 3
      }
    }
  },
  "ph": {
    "sensor": "ph",
    "n_samples": 14968,
    "z_score_anomalies": 413,
    "contamination_ratio": 0.02759219668626403,
    "best_model": "OneClass_SVM",
    "models": {
      "Isolation_Forest": {
        "metrics": {
          "precision": 0.026634382566585957,
          "recall": 0.026634382566585957,
          "f1": 0.026634382566585957
        },
        "n_anomalies": 413,
        "anomaly_scores_sample": [
          0.10276287757401636,
          0.12832202931362008,
          0.13334652845109907,
          0.12523256749155182,
          0.09344818866839483,
          0.043228700439404855,
          0.07649709620860101,
          0.09697077180456076,
          0.1001707280554694,
          0.09518166478760065,
          0.09323125742287502,
          0.09262663069128735,
          0.09187236679942756,
          0.09640280099253729,
          0.09614833353161578,
          0.1018230672912625,
          0.07871150487499479,
          0.08091786131441886,
          -0.02142699822828542,
          -0.08113825901006544
        ]
      },
      "Local_Outlier_Factor": {
        "metrics": {
          "precision": 0.11380145278450363,
          "recall": 0.11380145278450363,
          "f1": 0.11380145278450363
        },
        "n_anomalies": 413
      },
      "OneClass_SVM": {
        "metrics": {
          "precision": 0.14634146341463414,
          "recall": 0.14527845036319612,
          "f1": 0.14580801944106925
        },
        "n_anomalies": 410
      },
      "DBSCAN": {
        "metrics": {
          "precision": 0.14634146341463414,
          "recall": 0.014527845036319613,
          "f1": 0.02643171806167401
        },
        "n_anomalies": 41,
        "n_clusters_found": 1
      }
    }
  },
  "temperature": {
    "sensor": "temperature",
    "n_samples": 14954,
    "z_score_anomalies": 31,
    "contamination_ratio": 0.01,
    "best_model": "OneClass_SVM",
    "models": {
      "Isolation_Forest": {
        "metrics": {
          "precision": 0.06,
          "recall": 0.2903225806451613,
          "f1": 0.09944751381215469
        },
        "n_anomalies": 150,
        "anomaly_scores_sample": [
          0.14806391120981194,
          -0.04162442221752538,
          0.003523976077103974,
          -0.0017430781255908245,
          -0.004100360789474622,
          0.038004126967959184,
          -0.13101346966761596,
          -0.10880344095004535,
          -0.08450090868354576,
          -0.07655290501382672,
          0.03512450621561336,
          0.12097288280550422,
          0.05573158890231267,
          0.0910054163113243,
          0.12432634566384004,
          0.03135541507139006,
          0.05944031851369935,
          0.09395937760696849,
          -0.1778583853512261,
          -0.1554151271606492
        ]
      },
      "Local_Outlier_Factor": {
        "metrics": {
          "precision": 0.0,
          "recall": 0.0,
          "f1": 0.0
        },
        "n_anomalies": 150
      },
      "OneClass_SVM": {
        "metrics": {
          "precision": 0.22142857142857142,
          "recall": 1.0,
          "f1": 0.36257309941520466
        },
        "n_anomalies": 140
      },
      "DBSCAN": {
        "metrics": {
          "precision": 0.25,
          "recall": 0.12903225806451613,
          "f1": 0.1702127659574468
        },
        "n_anomalies": 16,
        "n_clusters_found": 4
      }
    }
  },
  "tds": {
    "sensor": "tds",
    "n_samples": 14966,
    "z_score_anomalies": 17,
    "contamination_ratio": 0.01,
    "best_model": "OneClass_SVM",
    "models": {
      "Isolation_Forest": {
        "metrics": {
          "precision": 0.013333333333333334,
          "recall": 0.11764705882352941,
          "f1": 0.023952095808383235
        },
        "n_anomalies": 150,
        "anomaly_scores_sample": [
          0.2711120508286746,
          0.2711120508286746,
          -0.09570199343894303,
          -0.05147105710214239,
          -0.07477764078235016,
          -0.04328114186657883,
          0.02135287835188293,
          0.031990145280290094,
          0.2543392323999173,
          0.2552079680780067,
          0.2552079680780067,
          0.2552079680780067,
          0.2668035881981659,
          0.2711120508286746,
          0.2711120508286746,
          0.2711120508286746,
          0.2711120508286746,
          0.2711120508286746,
          0.2711120508286746,
          0.2711120508286746
        ]
      },
      "Local_Outlier_Factor": {
        "metrics": {
          "precision": 0.006666666666666667,
          "recall": 0.058823529411764705,
          "f1": 0.011976047904191617
        },
        "n_anomalies": 150
      },
      "OneClass_SVM": {
        "metrics": {
          "precision": 0.02027027027027027,
          "recall": 0.17647058823529413,
          "f1": 0.03636363636363636
        },
        "n_anomalies": 148
      },
      "DBSCAN": {
        "metrics": {
          "precision": 0.0,
          "recall": 0.0,
          "f1": 0.0
        },
        "n_anomalies": 41,
        "n_clusters_found": 1
      }
    }
  },
  "light": {
    "sensor": "light",
    "n_samples": 14972,
    "z_score_anomalies": 0,
    "contamination_ratio": 0.01,
    "best_model": "Isolation_Forest",
    "models": {
      "Isolation_Forest": {
        "metrics": {
          "precision": 1.0,
          "recall": 1.0,
          "f1": 1.0
        },
        "n_anomalies": 0,
        "anomaly_scores_sample": [
          0.0,
          0.0,
          0.0,
          0.0,
          0.0,
          0.0,
          0.0,
          0.0,
          0.0,
          0.0,
          0.0,
          0.0,
          0.0,
          0.0,
          0.0,
          0.0,
          0.0,
          0.0,
          0.0,
          0.0
        ]
      },
      "Local_Outlier_Factor": {
        "metrics": {
          "precision": 1.0,
          "recall": 1.0,
          "f1": 1.0
        },
        "n_anomalies": 0
      },
      "OneClass_SVM": {
        "metrics": {
          "precision": 0.0,
          "recall": 0.0,
          "f1": 0.0
        },
        "n_anomalies": 14972
      },
      "DBSCAN": {
        "metrics": {
          "precision": 1.0,
          "recall": 1.0,
          "f1": 1.0
        },