{
  "feature_importance": {
    "turbidity": {
      "feature_sensors": [
        "ph",
        "temperature",
        "tds",
        "axis"
      ],
      "rf_importances": {
        "ph": 0.1343033018522479,
        "temperature": 0.33949234429416136,
        "tds": 0.36010912251280586,
        "axis": 0.16609523134078485
      },
      "gb_importances": {
        "ph": 0.11809573705317966,
        "temperature": 0.367955939948667,
        "tds": 0.35130529594575194,
        "axis": 0.16264302705240152
      },
      "mutual_information": {
        "ph": 0.12455308939427212,
        "temperature": 0.48455769912110025,
        "tds": 0.6166259907128637,
        "axis": 0.046666256895183444
      },
      "rf_cv_r2": -1.6674740312657204,
      "gb_cv_r2": -2.0492241206874584,
      "best_model": "Random_Forest",
      "model_path": "D:\\Kanjana\\IOT_PROJECT\\ml_models\\trained_models\\correlation\\turbidity_predictor.joblib"
    },
    "ph": {
      "feature_sensors": [
        "turbidity",
        "temperature",
        "tds",
        "axis"
      ],
      "rf_importances": {
        "turbidity": 0.050765196116922685,
        "temperature": 0.10933768001911985,
        "tds": 0.8140891542694236,
        "axis": 0.025807969594533933
      },
      "gb_importances": {
        "turbidity": 0.04699750404329577,
        "temperature": 0.12062297745345146,
        "tds": 0.7912790371795593,
        "axis": 0.04110048132369352
      },
      "mutual_information": {
        "turbidity": 0.12526299410277986,
        "temperature": 0.06060165837572917,
        "tds": 0.175788610659799,
        "axis": 0.010317409087230445
      },
      "rf_cv_r2": 0.021118088493450426,
      "gb_cv_r2": -0.02455586827919489,
      "best_model": "Random_Forest",
      "model_path": "D:\\Kanjana\\IOT_PROJECT\\ml_models\\trained_models\\correlation\\ph_predictor.joblib"
    },
    "temperature": {
      "feature_sensors": [
        "turbidity",
        "ph",
        "tds",
        "axis"
      ],
      "rf_importances": {
        "turbidity": 0.6584587737713263,
        "ph": 0.061055982063346115,
        "tds": 0.2579756065460923,
        "axis": 0.02250963761923534
      },
      "gb_importances": {
        "turbidity": 0.6597585201221936,
        "ph": 0.05465531353902181,
        "tds": 0.25092311123931876,
        "axis": 0.03466305509946588
      },
      "mutual_information": {
        "turbidity": 0.4869732231628303,
        "ph": 0.05614116234692634,
        "tds": 0.2381663211979861,
        "axis": 0.017632455312877937
      },
      "rf_cv_r2": -0.888534626293376,
      "gb_cv_r2": -0.8510228101117207,
      "best_model": "Gradient_Boosting",
      "model_path": "D:\\Kanjana\\IOT_PROJECT\\ml_models\\trained_models\\correlation\\temperature_predictor.joblib"
    },
    "tds": {
      "feature_sensors": [
        "turbidity",
        "ph",
        "temperature",
        "axis"
      ],
      "rf_importances": {
        "turbidity": 0.3040667154567057,
        "ph": 0.40872929614717385,
        "temperature": 0.2762651959618261,
        "axis": 0.010938792434294336
      },
      "gb_importances": {
        "turbidity": 0.33209511078240317,
        "ph": 0.4089945524861947,
        "temperature": 0.24612111556713198,
        "axis": 0.01278922116427014
      },
      "mutual_information": {
        "turbidity": 0.6206241583767538,
        "ph": 0.17592301447891057,
        "temperature": 0.22494399266260867,
        "axis": 0.05354225306835758
      },
      "rf_cv_r2": -0.8046324166336557,
      "gb_cv_r2": -0.8604256710277294,
      "best_model": "Random_Forest",
      "model_path": "D:\\Kanjana\\IOT_PROJECT\\ml_models\\trained_models\\correlation\\tds_predictor.joblib"
    },
    "axis": {
      "feature_sensors": [
        "turbidity",
        "ph",
        "temperature",
        "tds"
      ],
      "rf_importances": {
        "turbidity": 0.28214159802084887,
        "ph": 0.12864339026007918,
        "temperature": 0.09935782047031397,
        "tds": 0.489857191248758
      },
      "gb_importances": {
        "turbidity": 0.28679386893300896,
        "ph": 0.13844586139254805,
        "temperature": 0.09296157353244136,
        "tds": 0.4817986961420016
      },
      "mutual_information": {
        "turbidity": 0.04629887468662419,
        "ph": 0.009661201841833389,
        "temperature": 0.018120943039920068,
        "tds": 0.05569010024564047
      },
      "rf_cv_r2": -0.2386589553931672,
      "gb_cv_r2": -0.2721187653139979,
      "best_model": "Random_Forest",
      "model_path": "D:\\Kanjana\\IOT_PROJECT\\ml_models\\trained_models\\correlation\\axis_predictor.joblib"
    }
  },
  "correlation_matrices": {
    "pearson": {
      "turbidity": {
        "turbidity": 1.0,
        "ph": -0.12542700462428713,
        "temperature": 0.30653636835080894,
        "tds": 0.07015612497460957,
        "axis": 0.13474464660717503
      },
      "ph": {
        "turbidity": -0.12542700462428713,
        "ph": 1.0,
        "temperature": 0.02467248667841774,
        "tds": -0.5485778729796039,
        "axis": 0.10661528904455925
      },
      "temperature": {
        "turbidity": 0.30653636835080894,
        "ph": 0.02467248667841774,
        "temperature": 1.0,
        "tds": -0.15184537971369128,
        "axis": 0.08456082515649445
      },
      "tds": {
        "turbidity": 0.07015612497460957,
        "ph": -0.5485778729796039,
        "temperature": -0.15184537971369128,
        "tds": 1.0,
        "axis": -0.1884507786709086
      },
      "axis": {
        "turbidity": 0.13474464660717503,
        "ph": 0.10661528904455925,
        "temperature": 0.08456082515649445,
        "tds": -0.1884507786709086,
        "axis": 1.0
      }
    },
    "spearman": {
      "turbidity": {
        "turbidity": 1.0,
        "ph": -0.12057479137951045,
        "temperature": 0.04313488139943913,
        "tds": 0.2498231491151572,
        "axis": 0.054698754165081756
      },
      "ph": {
        "turbidity": -0.12057479137951045,
        "ph": 1.0,
        "temperature": 0.08611286683875737,
        "tds": -0.3463438165456858,
        "axis": 0.10637224618554388
      },
      "temperature": {
        "turbidity": 0.04313488139943913,
        "ph": 0.08611286683875737,
        "temperature": 1.0,
        "tds": -0.18061129335550044,
        "axis": 0.07543066992828407
      },
      "tds": {
        "turbidity": 0.2498231491151572,
        "ph": -0.3463438165456858,
        "temperature": -0.18061129335550044,
        "tds": 1.0,
        "axis": -0.23960867726466284
      },
      "axis": {
        "turbidity": 0.054698754165081756,
        "ph": 0.10637224618554388,
        "temperature": 0.07543066992828407,
        "tds": -0.23960867726466284,
        "axis": 1.0
      }
    }
  },
  "pca": {
    "explained_variance": [
      0.3306191727762018,
      0.2736263442326507,
      0.18108800092571584,
      0.12852982127774365,
      0.0861366607876879
    ],
    "cumulative_variance": [
      0.3306191727762018,
      0.6042455170088525,
      0.7853335179345684,
      0.9138633392123121,
      1.0
    ],
    "loadings": {
      "PC1": {
        "turbidity": 0.030834995527594056,
        "ph": -0.6322639891752287,
        "temperature": -0.20744650175463025,
        "tds": 0.6744786418548164,
        "axis": -0.3183330985532124
      },
      "PC2": {
        "turbidity": 0.7018262246198851,
        "ph": -0.22856138546229388,
        "temperature": 0.6042060268501274,
        "tds": 0.07650997144153238,
        "axis": 0.2903118063382097
      },
      "PC3": {
        "turbidity": -0.020913374450498203,
        "ph": -0.14949663239523295,
        "temperature": -0.46339032118826584,
        "tds": 0.1260981032622988,
        "axis": 0.8640498054245855
      },
      "PC4": {
        "turbidity": 0.7078211333460787,
        "ph": 0.31524288032230596,
        "temperature": -0.5849879606947106,
        "tds": -0.029013104749366733,