{
  "turbidity": {
    "regression": {
      "sensor": "turbidity",
      "best_model": "Linear_Regression",
      "all_results": {
        "Linear_Regression": {
          "mae": 0.004142672778354948,
          "rmse": 0.00694856141462422,
          "r2": 0.9958645914084832
        },
        "Polynomial_Regression_deg2": {
          "mae": 0.09688845346117933,
          "rmse": 0.10311016323951258,
          "r2": -7.702248673864993
        },
        "Random_Forest": {
          "mae": 0.03756430908990023,
          "rmse": 0.05952335515375171,
          "r2": 0.5309820709207288
        },
        "Gradient_Boosting": {
          "mae": 0.034178010349053135,
          "rmse": 0.051087028432031015,
          "r2": 0.6343868862289751
        }
      },
      "model_path": "D:\\Kanjana\\IOT_PROJECT\\ml_models\\trained_models\\temporal\\turbidity_temporal_Linear_Regression.joblib",
      "n_samples": 14954,
      "n_features": 15,
      "feature_names": [
        "hour",
        "day_of_week",
        "day_of_month",
        "month",
        "time_index",
        "lag_1",
        "lag_2",
        "lag_3",
        "lag_5",
        "lag_10",
        "rolling_mean_5",
        "rolling_std_5",
        "rolling_mean_10",
        "rolling_std_10",
        "ema_5"
      ]
    },
    "holtwinters": {
      "sensor": "turbidity",
      "trend_type": "add",
      "mae": 0.04726931909499201,
      "rmse": 0.0865289397243679,
      "params": {
        "smoothing_level": 0.8199123360954942,
        "smoothing_trend": 0.0
      },
      "forecast": [
        1.9716076769388193,
        1.9715870997921272,
        1.9715665226454353,
        1.9715459454987434,
        1.9715253683520515,
        1.9715047912053594,
        1.9714842140586675,
        1.9714636369119756,
        1.9714430597652837,
        1.9714224826185915,
        1.9714019054718996,
        1.9713813283252077,
        1.9713607511785158,
        1.9713401740318237,
        1.9713195968851318,
        1.97129901973844,
        1.9712784425917478,
        1.9712578654450559,
        1.971237288298364,
        1.971216711151672
      ],
      "model_path": "D:\\Kanjana\\IOT_PROJECT\\ml_models\\trained_models\\temporal\\turbidity_holtwinters.joblib"
    }
  },
  "ph": {
    "regression": {
      "sensor": "ph",
      "best_model": "Linear_Regression",
      "all_results": {
        "Linear_Regression": {
          "mae": 0.023381597912232082,
          "rmse": 0.029872932130539313,
          "r2": 0.9968079022891629
        },
        "Polynomial_Regression_deg2": {
          "mae": 0.03959400710068213,
          "rmse": 0.050219189388123066,
          "r2": 0.9952354983253754
        },
        "Random_Forest": {
          "mae": 0.2534539874760957,
          "rmse": 0.3480236281580599,
          "r2": 0.807601129755773
        },
        "Gradient_Boosting": {
          "mae": 0.22151563094431145,
          "rmse": 0.31561163097395023,
          "r2": 0.846628227157596
        }
      },
      "model_path": "D:\\Kanjana\\IOT_PROJECT\\ml_models\\trained_models\\temporal\\ph_temporal_Linear_Regression.joblib",
      "n_samples": 14958,
      "n_features": 15,
      "feature_names": [
        "hour",
        "day_of_week",
        "day_of_month",
        "month",
        "time_index",
        "lag_1",
        "lag_2",
        "lag_3",
        "lag_5",
        "lag_10",
        "rolling_mean_5",
        "rolling_std_5",
        "rolling_mean_10",
        "rolling_std_10",
        "ema_5"
      ]
    },
    "holtwinters": {
      "sensor": "ph",
      "trend_type": "mul",
      "mae": 0.4240340794050827,
      "rmse": 0.5221372995622043,
      "params": {
        "smoothing_level": 0.1370878759329481,
        "smoothing_trend": 0.0
      },
      "forecast": [
        10.369968223312833,
        10.369963703832648,
        10.369959184354434,
        10.369954664878188,
        10.36995014540391,
        10.369945625931607,
        10.369941106461269,
        10.369936586992903,
        10.369932067526507,
        10.369927548062078,
        10.369923028599622,
        10.369918509139133,
        10.369913989680615,
        10.369909470224068,
        10.369904950769488,
        10.36990043131688,
        10.369895911866239,
        10.36989139241757,
        10.36988687297087,
        10.36988235352614
      ],
      "model_path": "D:\\Kanjana\\IOT_PROJECT\\ml_models\\trained_models\\temporal\\ph_holtwinters.joblib"
    }
  },
  "temperature": {
    "regression": {
      "sensor": "temperature",
      "best_model": "Random_Forest",
      "all_results": {
        "Linear_Regression": {
          "mae": 0.02127092087891829,
          "rmse": 0.035328808398631804,
          "r2": 0.9928614019937969
        },
        "Polynomial_Regression_deg2": {
          "mae": 0.08720691066146452,
          "rmse": 1.069912364708453,
          "r2": -0.7722149124748021
        },
        "Random_Forest": {
          "mae": 0.014253751652644581,
          "rmse": 0.2561539136959015,
          "r2": 0.8963234703942344
        },
        "Gradient_Boosting": {
          "mae": 0.014538639249702593,
          "rmse": 0.3561739633907907,
          "r2": 0.8049884825073838
        }
      },
      "model_path": "D:\\Kanjana\\IOT_PROJECT\\ml_models\\trained_models\\temporal\\temperature_temporal_Random_Forest.joblib",
      "n_samples": 14944,
      "n_features": 15,
      "feature_names": [
        "hour",
        "day_of_week",
        "day_of_month",
        "month",
        "time_index",
        "lag_1",
        "lag_2",
        "lag_3",
        "lag_5",
        "lag_10",
        "rolling_mean_5",
        "rolling_std_5",
        "rolling_mean_10",
        "rolling_std_10",
        "ema_5"
      ]
    },
    "holtwinters": {
      "sensor": "temperature",
      "trend_type": "add",
      "mae": 0.3584694263031355,
      "rmse": 0.39109576159007114,
      "params": {
        "smoothing_level": 0.5512237561247303,
        "smoothing_trend": 0.0
      },
      "forecast": [
        -1.8058424559995354,
        -1.8059990212437658,
        -1.8061555864879961,
        -1.8063121517322265,
        -1.8064687169764568,
        -1.8066252822206872,
        -1.8067818474649175,
        -1.806938412709148,
        -1.8070949779533783,
        -1.8072515431976088,
        -1.8074081084418392,
        -1.8075646736860695,
        -1.8077212389303,
        -1.8078778041745303,
        -1.8080343694187606,
        -1.808190934662991,
        -1.8083474999072213,
        -1.8085040651514517,
        -1.808660630395682,
        -1.8088171956399124
      ],
      "model_path": "D:\\Kanjana\\IOT_PROJECT\\ml_models\\trained_models\\temporal\\temperature_holtwinters.joblib"
    }
  },
  "tds": {
    "regression": {
      "sensor": "tds",
      "best_model": "Linear_Regression",
      "all_results": {
        "Linear_Regression": {
          "mae": 0.1706128229358645,
          "rmse": 0.22660630289960335,
          "r2": 0.9979963829681513
        },
        "Polynomial_Regression_deg2": {
          "mae": 0.8698948856059857,
          "rmse": 1.0432530222329335,
          "r2": 0.9690288694585247
        },
        "Random_Forest": {
          "mae": 1.7058201865930243,
          "rmse": 2.4723794893133,
          "r2": 0.8011461123145812
        },
        "Gradient_Boosting": {
          "mae": 1.3971062730762054,
          "rmse": 2.119042448325792,
          "r2": 0.8750326576722502
        }
      },
      "model_path": "D:\\Kanjana\\IOT_PROJECT\\ml_models\\trained_models\\temporal\\tds_temporal_Linear_Regression.joblib",
      "n_samples": 14956,
      "n_features": 15,
      "feature_names": [
        "hour",
        "day_of_week",
        "day_of_month",
        "month",
        "time_index",
        "lag_1",
        "lag_2",
        "lag_3",
        "lag_5",
        "lag_10",
        "rolling_mean_5",
        "rolling_std_5",
        "rolling_mean_10",
        "rolling_std_10",
        "ema_5"
      ]
    },