{
  "turbidity": {
    "sensor": "turbidity",
    "n_samples": 12732,
    "gmm_thresholds": {
      "method": "GMM",
      "thresholds": {
        "warning_low": 1.9701047296208372,
        "warning_high": 2.3456820044464037,
        "component_means": [
          1.8561685614728187,
          2.0840408977688556,
          2.607323111123952
        ],
        "component_stds": [
          0.04809948461577298,
          0.06992774321024571,
          0.11730872083661215
        ],
        "bic": -24134.900137303106,
        "aic": -24194.51512761032
      },
      "zone_counts": {
        "normal": 909,
        "warning": 10600,
        "danger": 1223
      },
      "model_path": "D:\\Kanjana\\IOT_PROJECT\\ml_models\\trained_models\\threshold\\turbidity_gmm.joblib"
    },
    "label_distribution": {
      "normal": 6575,
      "warning": 4919,
      "danger": 1238
    },
    "classifiers": {
      "Decision_Tree": {
        "accuracy": 1.0,
        "cv_f1_mean": 1.0,
        "model_path": "D:\\Kanjana\\IOT_PROJECT\\ml_models\\trained_models\\threshold\\turbidity_decision_tree.joblib"
      },
      "Random_Forest": {
        "accuracy": 1.0,
        "cv_f1_mean": 0.9998309153611883,
        "feature_importances": {
          "value": 0.309849290766565,
          "diff_1": 0.003961633733304954,
          "rolling_mean_5": 0.11483880983884419,
          "rolling_std_5": 0.0016526275832888062,
          "rolling_mean_10": 0.11732867091515163,
          "deviation": 0.2690383215388025,
          "ema_5": 0.18333064562404294
        },
        "model_path": "D:\\Kanjana\\IOT_PROJECT\\ml_models\\trained_models\\threshold\\turbidity_random_forest_threshold.joblib"
      }
    },
    "best_classifier": "Decision_Tree"
  },
  "ph": {
    "sensor": "ph",
    "n_samples": 15253,
    "gmm_thresholds": {
      "method": "GMM",
      "thresholds": {
        "warning_low": 7.097532853091755,
        "warning_high": 9.28563082988522,
        "component_means": [
          6.199422757448719,
          7.995642948734791,
          10.575618711035647
        ],
        "component_stds": [
          0.31455796763011673,
          0.3433660170422761,
          0.5141007316605034
        ],
        "bic": 39002.25722860729,
        "aic": 38941.19697673529
      },
      "zone_counts": {
        "normal": 455,
        "warning": 3225,
        "danger": 11573
      },
      "model_path": "D:\\Kanjana\\IOT_PROJECT\\ml_models\\trained_models\\threshold\\ph_gmm.joblib"
    },
    "label_distribution": {
      "normal": 3236,
      "warning": 0,
      "danger": 12017
    },
    "classifiers": {
      "Decision_Tree": {
        "accuracy": 1.0,
        "cv_f1_mean": 0.9999018661355666,
        "model_path": "D:\\Kanjana\\IOT_PROJECT\\ml_models\\trained_models\\threshold\\ph_decision_tree.joblib"
      },
      "Random_Forest": {
        "accuracy": 1.0,
        "cv_f1_mean": 0.9999018661355666,
        "feature_importances": {
          "value": 0.30186121990807313,
          "diff_1": 0.00033263616091054414,
          "rolling_mean_5": 0.13786279388942663,
          "rolling_std_5": 0.0005600298726412178,
          "rolling_mean_10": 0.11583268474842544,
          "deviation": 0.27555587736280784,
          "ema_5": 0.1679947580577153
        },
        "model_path": "D:\\Kanjana\\IOT_PROJECT\\ml_models\\trained_models\\threshold\\ph_random_forest_threshold.joblib"
      }
    },
    "best_classifier": "Decision_Tree"
  },
  "temperature": {
    "sensor": "temperature",
    "n_samples": 15157,
    "gmm_thresholds": {
      "method": "GMM",
      "thresholds": {
        "warning_low": 28.359683148781258,
        "warning_high": 29.097775132248692,
        "component_means": [
          27.962267196026342,
          28.757099101536173,
          29.438451162961215
        ],
        "component_stds": [
          0.14209530559445444,
          0.16222978872940416,
          0.2889881427575212
        ],
        "bic": 17032.746379851236,
        "aic": 16971.736637847782
      },
      "zone_counts": {
        "normal": 1775,
        "warning": 8383,
        "danger": 4999
      },
      "model_path": "D:\\Kanjana\\IOT_PROJECT\\ml_models\\trained_models\\threshold\\temperature_gmm.joblib"
    },
    "label_distribution": {
      "normal": 7265,
      "warning": 2847,
      "danger": 5045
    },
    "classifiers": {
      "Decision_Tree": {
        "accuracy": 1.0,
        "cv_f1_mean": 1.0,
        "model_path": "D:\\Kanjana\\IOT_PROJECT\\ml_models\\trained_models\\threshold\\temperature_decision_tree.joblib"
      },
      "Random_Forest": {
        "accuracy": 1.0,
        "cv_f1_mean": 1.0,
        "feature_importances": {
          "value": 0.30621093610969624,
          "diff_1": 0.0005445372563598834,
          "rolling_mean_5": 0.13563577996815604,
          "rolling_std_5": 0.0009659250092646,
          "rolling_mean_10": 0.1267108401739329,
          "deviation": 0.25978981590153133,
          "ema_5": 0.170142165581059
        },
        "model_path": "D:\\Kanjana\\IOT_PROJECT\\ml_models\\trained_models\\threshold\\temperature_random_forest_threshold.joblib"
      }
    },
    "best_classifier": "Decision_Tree"
  },
  "tds": {
    "sensor": "tds",
    "n_samples": 13239,
    "gmm_thresholds": {
      "method": "GMM",
      "thresholds": {
        "warning_low": 8.367824026687721,
        "warning_high": 29.619571921701393,
        "component_means": [
          2.8875258446547347,
          13.848122208720705,
          45.391021634682076
        ],
        "component_stds": [
          2.9064572097542496,
          3.060675521409631,
          10.631803256582106
        ],
        "bic": 92882.56903554939,
        "aic": 92822.64165716589
      },
      "zone_counts": {
        "normal": 6403,
        "warning": 5454,
        "danger": 1382
      },
      "model_path": "D:\\Kanjana\\IOT_PROJECT\\ml_models\\trained_models\\threshold\\tds_gmm.joblib"
    },
    "label_distribution": {
      "normal": 6668,
      "warning": 5209,
      "danger": 1362
    },
    "classifiers": {
      "Decision_Tree": {
        "accuracy": 1.0,
        "cv_f1_mean": 1.0,
        "model_path": "D:\\Kanjana\\IOT_PROJECT\\ml_models\\trained_models\\threshold\\tds_decision_tree.joblib"
      },
      "Random_Forest": {
        "accuracy": 1.0,
        "cv_f1_mean": 0.9998456707201593,
        "feature_importances": {
          "value": 0.30004754317325816,
          "diff_1": 0.0035252793080614016,
          "rolling_mean_5": 0.12776041413234263,
          "rolling_std_5": 0.003024369817789153,
          "rolling_mean_10": 0.09914672054234085,
          "deviation": 0.3047551075002318,
          "ema_5": 0.16174056552597613
        },
        "model_path": "D:\\Kanjana\\IOT_PROJECT\\ml_models\\trained_models\\threshold\\tds_random_forest_threshold.joblib"
      }
    },
    "best_classifier": "Decision_Tree"
  },
  "axis": {
    "sensor": "axis",
    "n_samples": 15187,
    "gmm_thresholds": {
      "method": "GMM",
      "thresholds": {
        "warning_low": 1.7293970323349943,
        "warning_high": 1.8855822512285147,
        "component_means": [
          1.6499848060395073,
          1.8088092586304814,
          1.9623552438265481
        ],
        "component_stds": [
          0.08955089900044279,
          0.1069552934331358,
          0.1250355178536791
        ],
        "bic": -12616.644647652935,
        "aic": -12677.670208274776
      },
      "zone_counts": {
        "normal": 4164,
        "warning": 7665,
        "danger": 3358
      },
      "model_path": "D:\\Kanjana\\IOT_PROJECT\\ml_models\\trained_models\\threshold\\axis_gmm.joblib"
    },
    "label_distribution": {
      "normal": 7320,
      "warning": 3113,
      "danger": 4754
    },
    "classifiers": {
      "Decision_Tree": {
        "accuracy": 1.0,
        "cv_f1_mean": 1.0,
        "model_path": "D:\\Kanjana\\IOT_PROJECT\\ml_models\\trained_models\\threshold\\axis_decision_tree.joblib"
      },