{
  "turbidity": {
    "sensor": "turbidity",
    "n_samples": 14964,
    "gmm_thresholds": {
      "method": "GMM",
      "thresholds": {
        "warning_low": 2.304428052881751,
        "warning_high": 4.133158078455706,
        "component_means": [
          2.084448915772698,
          2.5244071899908045,
          5.741908966920607
        ],
        "component_stds": [
          0.04221221802543097,
          0.5170404816565725,
          1.3113275608869972
        ],
        "bic": -2759.7873175140535,
        "aic": -2820.6945382777976
      },
      "zone_counts": {
        "normal": 10131,
        "warning": 3597,
        "danger": 1236
      },
      "model_path": "D:\\Kanjana\\IOT_PROJECT\\ml_models\\trained_models\\threshold\\turbidity_gmm.joblib"
    },
    "label_distribution": {
      "normal": 11197,
      "warning": 2615,
      "danger": 1152
    },
    "classifiers": {
      "Decision_Tree": {
        "accuracy": 1.0,
        "cv_f1_mean": 1.0,
        "model_path": "D:\\Kanjana\\IOT_PROJECT\\ml_models\\trained_models\\threshold\\turbidity_decision_tree.joblib"
      },
      "Random_Forest": {
        "accuracy": 1.0,
        "cv_f1_mean": 1.0,
        "feature_importances": {
          "value": 0.2851029392034643,
          "diff_1": 0.00039012344782783995,
          "rolling_mean_5": 0.14212664512530482,
          "rolling_std_5": 0.0017796255870917274,
          "rolling_mean_10": 0.10200662945429134,
          "deviation": 0.2908712150892012,
          "ema_5": 0.17772282209281884
        },
        "model_path": "D:\\Kanjana\\IOT_PROJECT\\ml_models\\trained_models\\threshold\\turbidity_random_forest_threshold.joblib"
      }
    },
    "best_classifier": "Decision_Tree"
  },
  "ph": {
    "sensor": "ph",
    "n_samples": 14968,
    "gmm_thresholds": {
      "method": "GMM",
      "thresholds": {
        "warning_low": 7.0585126890307155,
        "warning_high": 9.289837233707393,
        "component_means": [
          6.119074526119311,
          7.997950851942119,
          10.581723615472669
        ],
        "component_stds": [
          0.311610624846978,
          0.46522275435643423,
          0.5139905218816899
        ],
        "bic": 38936.69140238026,
        "aic": 38875.78204343663
      },
      "zone_counts": {
        "normal": 505,
        "warning": 3225,
        "danger": 11238
      },
      "model_path": "D:\\Kanjana\\IOT_PROJECT\\ml_models\\trained_models\\threshold\\ph_gmm.joblib"
    },
    "label_distribution": {
      "normal": 3247,
      "warning": 0,
      "danger": 11721
    },
    "classifiers": {
      "Decision_Tree": {
        "accuracy": 1.0,
        "cv_f1_mean": 1.0,
        "model_path": "D:\\Kanjana\\IOT_PROJECT\\ml_models\\trained_models\\threshold\\ph_decision_tree.joblib"
      },
      "Random_Forest": {
        "accuracy": 1.0,
        "cv_f1_mean": 1.0,
        "feature_importances": {
          "value": 0.29271780162870686,
          "diff_1": 0.00032380937541235375,
          "rolling_mean_5": 0.13778817139465163,
          "rolling_std_5": 0.0005300675620828148,
          "rolling_mean_10": 0.11584509275600638,
          "deviation": 0.28454414657162946,
          "ema_5": 0.16825091071151047
        },
        "model_path": "D:\\Kanjana\\IOT_PROJECT\\ml_models\\trained_models\\threshold\\ph_random_forest_threshold.joblib"
      }
    },
    "best_classifier": "Decision_Tree"
  },
  "temperature": {
    "sensor": "temperature",
    "n_samples": 14954,
    "gmm_thresholds": {
      "method": "GMM",
      "thresholds": {
        "warning_low": -45.2777777777778,
        "warning_high": -1.9538587146324262,
        "component_means": [
          -88.33333333333333,
          -2.222222222222264,
          -1.6854952070425884
        ],
        "component_stds": [
          0.001,
          0.001,
          0.2969727032777603
        ],
        "bic": 2155.7232618697435,
        "aic": 2094.8213890572647
      },
      "zone_counts": {
        "normal": 31,
        "warning": 859,
        "danger": 14064
      },
      "model_path": "D:\\Kanjana\\IOT_PROJECT\\ml_models\\trained_models\\threshold\\temperature_gmm.joblib"
    },
    "label_distribution": {
      "normal": 1869,
      "warning": 0,
      "danger": 13085
    },
    "classifiers": {
      "Decision_Tree": {
        "accuracy": 1.0,
        "cv_f1_mean": 1.0,
        "model_path": "D:\\Kanjana\\IOT_PROJECT\\ml_models\\trained_models\\threshold\\temperature_decision_tree.joblib"
      },
      "Random_Forest": {
        "accuracy": 1.0,
        "cv_f1_mean": 1.0,
        "feature_importances": {
          "value": 0.2929703934035231,
          "diff_1": 0.00019097626691257633,
          "rolling_mean_5": 0.13781043927350742,
          "rolling_std_5": 0.0002888377421110501,
          "rolling_mean_10": 0.11736866209425414,
          "deviation": 0.282406224996206,
          "ema_5": 0.16896446622348585
        },
        "model_path": "D:\\Kanjana\\IOT_PROJECT\\ml_models\\trained_models\\threshold\\temperature_random_forest_threshold.joblib"
      }
    },
    "best_classifier": "Decision_Tree"
  },
  "tds": {
    "sensor": "tds",
    "n_samples": 14966,
    "gmm_thresholds": {
      "method": "GMM",
      "thresholds": {
        "warning_low": 28.030740494776413,
        "warning_high": 67.42248252222173,
        "component_means": [
          7.689276311750787,
          48.37220467780204,
          86.47276036664141
        ],
        "component_stds": [
          2.8620194626477433,
          6.111343185921988,
          12.917003605867892
        ],
        "bic": 116748.88809250061,
        "aic": 116687.97980257549
      },
      "zone_counts": {
        "normal": 11531,
        "warning": 1569,
        "danger": 1866
      },
      "model_path": "D:\\Kanjana\\IOT_PROJECT\\ml_models\\trained_models\\threshold\\tds_gmm.joblib"
    },
    "label_distribution": {
      "normal": 11539,
      "warning": 1489,
      "danger": 1938
    },
    "classifiers": {
      "Decision_Tree": {
        "accuracy": 1.0,
        "cv_f1_mean": 1.0,
        "model_path": "D:\\Kanjana\\IOT_PROJECT\\ml_models\\trained_models\\threshold\\tds_decision_tree.joblib"
      },
      "Random_Forest": {
        "accuracy": 1.0,
        "cv_f1_mean": 1.0,
        "feature_importances": {
          "value": 0.2918181898800049,
          "diff_1": 0.000345429053880536,
          "rolling_mean_5": 0.14366325904077792,
          "rolling_std_5": 0.000357517993317201,
          "rolling_mean_10": 0.11379030571643042,
          "deviation": 0.26625242900894336,
          "ema_5": 0.18377286930664577
        },
        "model_path": "D:\\Kanjana\\IOT_PROJECT\\ml_models\\trained_models\\threshold\\tds_random_forest_threshold.joblib"
      }
    },
    "best_classifier": "Decision_Tree"
  },
  "light": {
    "sensor": "light",
    "n_samples": 14972,
    "gmm_thresholds": {
      "method": "GMM",
      "thresholds": {
        "warning_low": -1.0,
        "warning_high": 0.0,
        "component_means": [
          -2.0,
          0.0,
          0.0
        ],
        "component_stds": [
          0.001,
          0.001,
          0.001
        ],
        "bic": -179252.21713900825,
        "aic": -179313.12863556045
      },
      "zone_counts": {
        "normal": 14972,
        "warning": 0,
        "danger": 0
      },
      "model_path": "D:\\Kanjana\\IOT_PROJECT\\ml_models\\trained_models\\threshold\\light_gmm.joblib"
    },
    "label_distribution": {
      "normal": 14972,
      "warning": 0,
      "danger": 0
    },
    "classifiers": {
      "Decision_Tree": {
        "accuracy": 1.0,
        "cv_f1_mean": 0.0,
        "model_path": "D:\\Kanjana\\IOT_PROJECT\\ml_models\\trained_models\\threshold\\light_decision_tree.joblib"
      },
      "Random_Forest": {
        "accuracy": 1.0,
        "cv_f1_mean": 0.0,
        "feature_importances": {
          "value": 0.0,
          "diff_1": 0.0,
          "rolling_mean_5": 0.0,