{
  "feature_importance": {
    "turbidity": {
      "feature_sensors": [
        "ph",
        "temperature",
        "tds",
        "light",
        "axis"
      ],
      "rf_importances": {
        "ph": 0.29758150741754585,
        "temperature": 0.3208911299758115,
        "tds": 0.34825430965842996,
        "light": 0.0,
        "axis": 0.033273052948212756
      },
      "gb_importances": {
        "ph": 0.29623154833771365,
        "temperature": 0.30324232520440425,
        "tds": 0.36099675132613873,
        "light": 0.0,
        "axis": 0.03952937513174332
      },
      "mutual_information": {
        "ph": 0.8567393053913164,
        "temperature": 1.6171900884844432,
        "tds": 0.9151635923448662,
        "light": 0.0,
        "axis": 0.19878668780101982
      },
      "rf_cv_r2": -1.7436374229784082,
      "gb_cv_r2": -3.654326050095853,
      "best_model": "Random_Forest",
      "model_path": "D:\\Kanjana\\IOT_PROJECT\\ml_models\\trained_models\\correlation\\turbidity_predictor.joblib"
    },
    "ph": {
      "feature_sensors": [
        "turbidity",
        "temperature",
        "tds",
        "light",
        "axis"
      ],
      "rf_importances": {
        "turbidity": 0.10462990721315715,
        "temperature": 0.32852306988713537,
        "tds": 0.5454367176992482,
        "light": 0.0,
        "axis": 0.02141030520045935
      },
      "gb_importances": {
        "turbidity": 0.10589868746127291,
        "temperature": 0.3340766992688882,
        "tds": 0.5382985072528137,
        "light": 0.0,
        "axis": 0.021726106017025314
      },
      "mutual_information": {
        "turbidity": 0.852053453850425,
        "temperature": 0.6574951493422625,
        "tds": 0.5410165676983558,
        "light": 0.01798128935855492,
        "axis": 0.024801692292171662
      },
      "rf_cv_r2": -0.37061424703302226,
      "gb_cv_r2": -0.5763905463989507,
      "best_model": "Random_Forest",
      "model_path": "D:\\Kanjana\\IOT_PROJECT\\ml_models\\trained_models\\correlation\\ph_predictor.joblib"
    },
    "temperature": {
      "feature_sensors": [
        "turbidity",
        "ph",
        "tds",
        "light",
        "axis"
      ],
      "rf_importances": {
        "turbidity": 0.28076293180975304,
        "ph": 0.3370052704424272,
        "tds": 0.056929923733308456,
        "light": 0.0,
        "axis": 0.3253018740145114
      },
      "gb_importances": {
        "turbidity": 0.31698301837937337,
        "ph": 0.39060295444883397,
        "tds": 0.06535310202537017,
        "light": 0.0,
        "axis": 0.2270609251464224
      },
      "mutual_information": {
        "turbidity": 1.6207372028016533,
        "ph": 0.6704935402717389,
        "tds": 0.6123666976999695,
        "light": 0.0,
        "axis": 0.10500283069026839
      },
      "rf_cv_r2": -503.69040594259906,
      "gb_cv_r2": -800.5250545232263,
      "best_model": "Random_Forest",
      "model_path": "D:\\Kanjana\\IOT_PROJECT\\ml_models\\trained_models\\correlation\\temperature_predictor.joblib"
    },
    "tds": {
      "feature_sensors": [
        "turbidity",
        "ph",
        "temperature",
        "light",
        "axis"
      ],
      "rf_importances": {
        "turbidity": 0.3263410507486247,
        "ph": 0.0423130834285058,
        "temperature": 0.629944934384825,
        "light": 0.0,
        "axis": 0.0014009314380445596
      },
      "gb_importances": {
        "turbidity": 0.3279045969421631,
        "ph": 0.04244843433752418,
        "temperature": 0.6277906314990572,
        "light": 0.0,
        "axis": 0.0018563372212554484
      },
      "mutual_information": {
        "turbidity": 0.923941744838638,
        "ph": 0.5384096054972431,
        "temperature": 0.62360144917352,
        "light": 0.0,
        "axis": 0.17159349671457091
      },
      "rf_cv_r2": -9.179084980717667,
      "gb_cv_r2": -10.27733153282704,
      "best_model": "Random_Forest",
      "model_path": "D:\\Kanjana\\IOT_PROJECT\\ml_models\\trained_models\\correlation\\tds_predictor.joblib"
    },
    "light": {
      "feature_sensors": [
        "turbidity",
        "ph",
        "temperature",
        "tds",
        "axis"
      ],
      "rf_importances": {
        "turbidity": 0.0,
        "ph": 0.0,
        "temperature": 0.0,
        "tds": 0.0,
        "axis": 0.0
      },
      "gb_importances": {
        "turbidity": 0.0,
        "ph": 0.0,
        "temperature": 0.0,
        "tds": 0.0,
        "axis": 0.0
      },
      "mutual_information": {
        "turbidity": 0.0,
        "ph": 0.007739772256935673,
        "temperature": 0.0,
        "tds": 0.0,
        "axis": 0.0
      },
      "rf_cv_r2": 1.0,
      "gb_cv_r2": 1.0,
      "best_model": "Random_Forest",
      "model_path": "D:\\Kanjana\\IOT_PROJECT\\ml_models\\trained_models\\correlation\\light_predictor.joblib"
    },
    "axis": {
      "feature_sensors": [
        "turbidity",
        "ph",
        "temperature",
        "tds",
        "light"
      ],
      "rf_importances": {
        "turbidity": 0.28125580876407386,
        "ph": 0.338542564247167,
        "temperature": 0.3043746889588246,
        "tds": 0.07582693802993463,
        "light": 0.0
      },
      "gb_importances": {
        "turbidity": 0.3268069772784395,
        "ph": 0.35759507065594176,
        "temperature": 0.25391530290364517,
        "tds": 0.06168264916197348,
        "light": 0.0
      },
      "mutual_information": {
        "turbidity": 0.19589249959837662,
        "ph": 0.02058338720521835,
        "temperature": 0.10888949779473656,
        "tds": 0.17358261924844776,
        "light": 0.0
      },
      "rf_cv_r2": -123.1026595584157,
      "gb_cv_r2": -566.0511224695696,
      "best_model": "Random_Forest",
      "model_path": "D:\\Kanjana\\IOT_PROJECT\\ml_models\\trained_models\\correlation\\axis_predictor.joblib"
    }
  },
  "correlation_matrices": {
    "pearson": {
      "turbidity": {
        "turbidity": 1.0,
        "ph": 0.04513288791881579,
        "temperature": -0.06756371935425769,
        "tds": 0.13083733554711627,
        "light": NaN,
        "axis": 0.0801286444629818
      },
      "ph": {
        "turbidity": 0.04513288791881579,
        "ph": 1.0,
        "temperature": 0.0949852421418884,
        "tds": 0.2643211543928319,
        "light": NaN,
        "axis": -0.020220862766970785
      },
      "temperature": {
        "turbidity": -0.06756371935425769,
        "ph": 0.0949852421418884,
        "temperature": 1.0,
        "tds": -0.15094012566739348,
        "light": NaN,
        "axis": -0.022466508136189164
      },
      "tds": {
        "turbidity": 0.13083733554711627,
        "ph": 0.2643211543928319,
        "temperature": -0.15094012566739348,
        "tds": 1.0,
        "light": NaN,
        "axis": -0.18041572919066984
      },
      "light": {
        "turbidity": NaN,
        "ph": NaN,
        "temperature": NaN,
        "tds": NaN,
        "light": NaN,
        "axis": NaN
      },
      "axis": {
        "turbidity": 0.0801286444629818,
        "ph": -0.020220862766970785,
        "temperature": -0.022466508136189164,
        "tds": -0.18041572919066984,
        "light": NaN,
        "axis": 1.0
      }
    },
    "spearman": {
      "turbidity": {
        "turbidity": 1.0,
        "ph": 0.18191388798326263,
        "temperature": -0.4286023790459697,
        "tds": 0.47816921532799156,
        "light": NaN,
        "axis": 0.36717475050053794
      },
      "ph": {
        "turbidity": 0.18191388798326263,
        "ph": 1.0,
        "temperature": 0.23084570338755464,
        "tds": 0.23048940858810898,
        "light": NaN,
        "axis": 0.1658592962851045
      },
      "temperature": {
        "turbidity": -0.4286023790459697,
        "ph": 0.23084570338755464,
        "temperature": 1.0,
        "tds": -0.33376697580380205,
        "light": NaN,
        "axis": -0.17052604586453665
      },
      "tds": {
        "turbidity": 0.47816921532799156,