{
  "feature_importance": {
    "turbidity": {
      "feature_sensors": [
        "ph",
        "temperature",
        "tds",
        "light",
        "axis"
      ],
      "rf_importances": {
        "ph": 0.48359427055961846,
        "temperature": 0.16595641178953108,
        "tds": 0.3434163369775439,
        "light": 0.0,
        "axis": 0.007032980673306552
      },
      "gb_importances": {
        "ph": 0.47685024090185407,
        "temperature": 0.15275373421117247,
        "tds": 0.3590231109291312,
        "light": 0.0,
        "axis": 0.011372913957842328
      },
      "mutual_information": {
        "ph": 0.6484645863779459,
        "temperature": 0.9873025426215589,
        "tds": 1.1192847804320305,
        "light": 0.0,
        "axis": 0.11857839145930171
      },
      "rf_cv_r2": -1.87438226136968,
      "gb_cv_r2": -3.1482662014590934,
      "best_model": "Random_Forest",
      "model_path": "D:\\Kanjana\\IOT_PROJECT\\ml_models\\trained_models\\correlation\\turbidity_predictor.joblib"
    },
    "ph": {
      "feature_sensors": [
        "turbidity",
        "temperature",
        "tds",
        "light",
        "axis"
      ],
      "rf_importances": {
        "turbidity": 0.12352877276130905,
        "temperature": 0.04584670606319224,
        "tds": 0.8270333670769836,
        "light": 0.0,
        "axis": 0.0035911540985152117
      },
      "gb_importances": {
        "turbidity": 0.12472873495939427,
        "temperature": 0.04859951177038844,
        "tds": 0.8213858404833502,
        "light": 0.0,
        "axis": 0.005285912786867044
      },
      "mutual_information": {
        "turbidity": 0.64687789425468,
        "temperature": 0.3770825188452318,
        "tds": 0.6485218181131991,
        "light": 0.0011284054637703544,
        "axis": 0.0627030836352116
      },
      "rf_cv_r2": -0.7533909779982155,
      "gb_cv_r2": -1.2315574205375086,
      "best_model": "Random_Forest",
      "model_path": "D:\\Kanjana\\IOT_PROJECT\\ml_models\\trained_models\\correlation\\ph_predictor.joblib"
    },
    "temperature": {
      "feature_sensors": [
        "turbidity",
        "ph",
        "tds",
        "light",
        "axis"
      ],
      "rf_importances": {
        "turbidity": 0.357752590273295,
        "ph": 0.3812674933386655,
        "tds": 0.048291172534149635,
        "light": 0.0,
        "axis": 0.21268874385388997
      },
      "gb_importances": {
        "turbidity": 0.33271536612053004,
        "ph": 0.410340872562699,
        "tds": 0.06412874656974561,
        "light": 0.0,
        "axis": 0.1928150147470255
      },
      "mutual_information": {
        "turbidity": 0.984867001040719,
        "ph": 0.36959758508029417,
        "tds": 0.6205129632105733,
        "light": 0.0,
        "axis": 0.08553223317620695
      },
      "rf_cv_r2": -1.2384459102844072,
      "gb_cv_r2": -1.1170520026104565,
      "best_model": "Gradient_Boosting",
      "model_path": "D:\\Kanjana\\IOT_PROJECT\\ml_models\\trained_models\\correlation\\temperature_predictor.joblib"
    },
    "tds": {
      "feature_sensors": [
        "turbidity",
        "ph",
        "temperature",
        "light",
        "axis"
      ],
      "rf_importances": {
        "turbidity": 0.13265086554907987,
        "ph": 0.7461978303607113,
        "temperature": 0.11943425560098819,
        "light": 0.0,
        "axis": 0.001717048489220664
      },
      "gb_importances": {
        "turbidity": 0.14836912187002763,
        "ph": 0.7451439357832675,
        "temperature": 0.10501994251498173,
        "light": 0.0,
        "axis": 0.00146699983172311
      },
      "mutual_information": {
        "turbidity": 1.122390926914294,
        "ph": 0.6610232255432678,
        "temperature": 0.6232236758858845,
        "light": 0.007540110001997391,
        "axis": 0.10819373984505543
      },
      "rf_cv_r2": -0.38980269135564305,
      "gb_cv_r2": -0.4236904051756175,
      "best_model": "Random_Forest",
      "model_path": "D:\\Kanjana\\IOT_PROJECT\\ml_models\\trained_models\\correlation\\tds_predictor.joblib"
    },
    "light": {
      "feature_sensors": [
        "turbidity",
        "ph",
        "temperature",
        "tds",
        "axis"
      ],
      "rf_importances": {
        "turbidity": 0.0,
        "ph": 0.0,
        "temperature": 0.0,
        "tds": 0.0,
        "axis": 0.0
      },
      "gb_importances": {
        "turbidity": 0.0,
        "ph": 0.0,
        "temperature": 0.0,
        "tds": 0.0,
        "axis": 0.0
      },
      "mutual_information": {
        "turbidity": 0.0,
        "ph": 0.0036443140137265573,
        "temperature": 0.007339368366148236,
        "tds": 0.003552407976354921,
        "axis": 0.003197700535540804
      },
      "rf_cv_r2": 1.0,
      "gb_cv_r2": 1.0,
      "best_model": "Random_Forest",
      "model_path": "D:\\Kanjana\\IOT_PROJECT\\ml_models\\trained_models\\correlation\\light_predictor.joblib"
    },
    "axis": {
      "feature_sensors": [
        "turbidity",
        "ph",
        "temperature",
        "tds",
        "light"
      ],
      "rf_importances": {
        "turbidity": 0.22366277634596443,
        "ph": 0.4371071436040881,
        "temperature": 0.25501412339061635,
        "tds": 0.08421595665933111,
        "light": 0.0
      },
      "gb_importances": {
        "turbidity": 0.23597056270592337,
        "ph": 0.42161410444495473,
        "temperature": 0.2739887729858501,
        "tds": 0.06842655986327184,
        "light": 0.0
      },
      "mutual_information": {
        "turbidity": 0.12472723738137237,
        "ph": 0.06281021021480893,
        "temperature": 0.07545473361215294,
        "tds": 0.11006849209121494,
        "light": 0.0067865696736113534
      },
      "rf_cv_r2": -28.532816752819343,
      "gb_cv_r2": -64.22431843275459,
      "best_model": "Random_Forest",
      "model_path": "D:\\Kanjana\\IOT_PROJECT\\ml_models\\trained_models\\correlation\\axis_predictor.joblib"
    }
  },
  "correlation_matrices": {
    "pearson": {
      "turbidity": {
        "turbidity": 1.0,
        "ph": -0.6330869208723732,
        "temperature": -0.11936684113466345,
        "tds": 0.35420294791269286,
        "light": NaN,
        "axis": 0.11437147368603244
      },
      "ph": {
        "turbidity": -0.6330869208723732,
        "ph": 1.0,
        "temperature": 0.08728494861817725,
        "tds": -0.7439280767266503,
        "light": NaN,
        "axis": -0.08731685529794965
      },
      "temperature": {
        "turbidity": -0.11936684113466345,
        "ph": 0.08728494861817725,
        "temperature": 1.0,
        "tds": -0.0012784762189023181,
        "light": NaN,
        "axis": -0.039530079389458156
      },
      "tds": {
        "turbidity": 0.35420294791269286,
        "ph": -0.7439280767266503,
        "temperature": -0.0012784762189023181,
        "tds": 1.0,
        "light": NaN,
        "axis": 0.0260976277681019
      },
      "light": {
        "turbidity": NaN,
        "ph": NaN,
        "temperature": NaN,
        "tds": NaN,
        "light": NaN,
        "axis": NaN
      },
      "axis": {
        "turbidity": 0.11437147368603244,
        "ph": -0.08731685529794965,
        "temperature": -0.039530079389458156,
        "tds": 0.0260976277681019,
        "light": NaN,
        "axis": 1.0
      }
    },
    "spearman": {
      "turbidity": {
        "turbidity": 1.0,
        "ph": -0.5768593182154554,
        "temperature": -0.04257653214245651,
        "tds": 0.5537778415295913,
        "light": NaN,
        "axis": 0.20230570278510326
      },
      "ph": {
        "turbidity": -0.5768593182154554,
        "ph": 1.0,
        "temperature": 0.18439523534595298,
        "tds": -0.6022006032590553,
        "light": NaN,
        "axis": -0.12086941501350593
      },
      "temperature": {
        "turbidity": -0.04257653214245651,
        "ph": 0.18439523534595298,
        "temperature": 1.0,
        "tds": -0.3101663309630277,
        "light": NaN,