{
  "turbidity": {
    "sensor": "turbidity",
    "n_samples": 12732,
    "z_score_anomalies": 853,
    "contamination_ratio": 0.06699654414074772,
    "best_model": "OneClass_SVM",
    "models": {
      "Isolation_Forest": {
        "metrics": {
          "precision": 0.17584994138335286,
          "recall": 0.17584994138335286,
          "f1": 0.17584994138335286
        },
        "n_anomalies": 853,
        "anomaly_scores_sample": [
          0.16737188341879966,
          0.16737188341879966,
          0.1544596643820229,
          0.08819843244790587,
          0.05848819838561936,
          -0.13002462208212262,
          -0.04439263154115103,
          -0.04306387218744734,
          0.03238059532215787,
          0.07704574401108866,
          0.12088408473165174,
          0.15247134211814145,
          0.14629829198494965,
          0.14081171102202666,
          0.14935896153733813,
          0.1609546921697645,
          0.12746610490201443,
          0.13100633821655638,
          0.03271444901905951,
          -0.10975184360054835
        ]
      },
      "Local_Outlier_Factor": {
        "metrics": {
          "precision": 0.05158264947245018,
          "recall": 0.05158264947245018,
          "f1": 0.05158264947245018
        },
        "n_anomalies": 853
      },
      "OneClass_SVM": {
        "metrics": {
          "precision": 0.25851938895417154,
          "recall": 0.25791324736225085,
          "f1": 0.25821596244131456
        },
        "n_anomalies": 851
      },
      "DBSCAN": {
        "metrics": {
          "precision": 0.1388888888888889,
          "recall": 0.005861664712778429,
          "f1": 0.01124859392575928
        },
        "n_anomalies": 36,
        "n_clusters_found": 1
      }
    }
  },
  "ph": {
    "sensor": "ph",
    "n_samples": 15253,
    "z_score_anomalies": 395,
    "contamination_ratio": 0.025896544941978628,
    "best_model": "OneClass_SVM",
    "models": {
      "Isolation_Forest": {
        "metrics": {
          "precision": 0.017721518987341773,
          "recall": 0.017721518987341773,
          "f1": 0.017721518987341773
        },
        "n_anomalies": 395,
        "anomaly_scores_sample": [
          0.09112706657840175,
          0.12399231994687171,
          0.1294086201602852,
          0.11001255237471719,
          0.10377535131642263,
          0.0305895173148103,
          0.06381584115116312,
          0.08325717279844619,
          0.09496939370175017,
          0.0833291781651026,
          0.09001264782536511,
          0.08094313771037931,
          0.08441610774550168,
          0.09184671716989279,
          0.08569193127426172,
          0.0881829238436288,
          0.06717061924662704,
          0.07077281705999383,
          -0.02236078575564726,
          -0.08587303261820156
        ]
      },
      "Local_Outlier_Factor": {
        "metrics": {
          "precision": 0.0759493670886076,
          "recall": 0.0759493670886076,
          "f1": 0.0759493670886076
        },
        "n_anomalies": 395
      },
      "OneClass_SVM": {
        "metrics": {
          "precision": 0.14285714285714285,
          "recall": 0.14430379746835442,
          "f1": 0.14357682619647355
        },
        "n_anomalies": 399
      },
      "DBSCAN": {
        "metrics": {
          "precision": 0.1951219512195122,
          "recall": 0.020253164556962026,
          "f1": 0.03669724770642202
        },
        "n_anomalies": 41,
        "n_clusters_found": 1
      }
    }
  },
  "temperature": {
    "sensor": "temperature",
    "n_samples": 15157,
    "z_score_anomalies": 232,
    "contamination_ratio": 0.015306459061819622,
    "best_model": "OneClass_SVM",
    "models": {
      "Isolation_Forest": {
        "metrics": {
          "precision": 0.18061674008810572,
          "recall": 0.17672413793103448,
          "f1": 0.1786492374727669
        },
        "n_anomalies": 227,
        "anomaly_scores_sample": [
          0.1452038096228936,
          -0.10656699763629118,
          -0.0771280012187342,
          -0.04826723701855795,
          -0.03483206550710727,
          0.01883631776730399,
          0.05437527095929218,
          0.08968012414753912,
          0.11390891875426545,
          0.11871007715407461,
          0.09093981216847413,
          0.10778630473069983,
          0.12932059370204302,
          0.1392585610816865,
          0.16100419265438193,
          0.16100419265438193,
          0.16100419265438193,
          0.16100419265438193,
          0.16100419265438193,
          0.16100419265438193
        ]
      },
      "Local_Outlier_Factor": {
        "metrics": {
          "precision": 0.0,
          "recall": 0.0,
          "f1": 0.0
        },
        "n_anomalies": 229
      },
      "OneClass_SVM": {
        "metrics": {
          "precision": 0.25757575757575757,
          "recall": 0.29310344827586204,
          "f1": 0.27419354838709675
        },
        "n_anomalies": 264
      },
      "DBSCAN": {
        "metrics": {
          "precision": 0.24489795918367346,
          "recall": 0.10344827586206896,
          "f1": 0.14545454545454545
        },
        "n_anomalies": 98,
        "n_clusters_found": 3
      }
    }
  },
  "tds": {
    "sensor": "tds",
    "n_samples": 13239,
    "z_score_anomalies": 550,
    "contamination_ratio": 0.041543923257043584,
    "best_model": "OneClass_SVM",
    "models": {
      "Isolation_Forest": {
        "metrics": {
          "precision": 0.1,
          "recall": 0.1,
          "f1": 0.1
        },
        "n_anomalies": 550,
        "anomaly_scores_sample": [
          0.20046463567562617,
          0.20046463567562617,
          0.20046463567562617,
          0.20046463567562617,
          0.20046463567562617,
          0.20046463567562617,
          0.20046463567562617,
          0.20046463567562617,
          0.20046463567562617,
          0.20046463567562617,
          0.20046463567562617,
          0.20046463567562617,
          0.20046463567562617,
          0.20046463567562617,
          0.20046463567562617,
          0.20046463567562617,
          0.20046463567562617,
          0.20046463567562617,
          0.20046463567562617,
          0.20046463567562617
        ]
      },
      "Local_Outlier_Factor": {
        "metrics": {
          "precision": 0.14727272727272728,
          "recall": 0.14727272727272728,
          "f1": 0.14727272727272728
        },
        "n_anomalies": 550
      },
      "OneClass_SVM": {
        "metrics": {
          "precision": 0.18181818181818182,
          "recall": 0.18181818181818182,
          "f1": 0.18181818181818182
        },
        "n_anomalies": 550
      },
      "DBSCAN": {
        "metrics": {
          "precision": 0.25806451612903225,
          "recall": 0.014545454545454545,
          "f1": 0.027538726333907058
        },
        "n_anomalies": 31,
        "n_clusters_found": 1
      }
    }
  },
  "axis": {
    "sensor": "axis",
    "n_samples": 15187,
    "z_score_anomalies": 220,
    "contamination_ratio": 0.014486073615592282,
    "best_model": "Isolation_Forest",
    "models": {
      "Isolation_Forest": {
        "metrics": {
          "precision": 0.4772727272727273,
          "recall": 0.4772727272727273,
          "f1": 0.4772727272727273
        },
        "n_anomalies": 220,
        "anomaly_scores_sample": [
          0.10517200152392792,
          0.1838009829086904,
          0.1307883267567631,
          0.03329876716003721,
          0.08206832559929045,
          0.16221165562646284,
          -0.05073068332395825,
          0.0014713585900685278,
          0.11064895045348666,
          0.14589528005284952,
          0.09095537437962287,
          0.14939487035141025,
          0.14112549052934825,
          0.18457569828005216,
          -0.023373365432028836,
          0.056984949285862174,
          0.15239663810814202,
          0.18790517388533756,
          0.17184319552549726,
          0.2089581113414679
        ]
      },